title,upvote_ratio,subreddit_name_prefixed,date
kamala harris takes eight-point lead over donald trump in new poll,0.89,r/politics,2024-08-08 06:45:54-04:00
tim walz's normal dad energy is causing maga to come unglued,0.96,r/politics,2024-08-08 06:56:12-04:00
republicans think trump is having a “nervous breakdown” over kamala harris,0.98,r/politics,2024-08-08 10:09:07-04:00
tim walz is giving maga a master class in manhood,0.96,r/politics,2024-08-08 08:39:12-04:00
weirdo j.d. vance desperately tries to claim tim walz is “weird”,0.97,r/politics,2024-08-08 09:32:44-04:00
"tim walz’s crack about j.d. vance’s couch hits right where republicans deserve it | cue the hand-wringing, which is a bit rich coming from this party.",0.98,r/politics,2024-08-08 07:18:39-04:00
harris-walz camouflage ‘midwest princess’ hat reaches nearly $1m in sales a day after release,0.98,r/politics,2024-08-08 10:45:44-04:00
donald trump attacks tim walz as 'very into the transgender',0.94,r/politics,2024-08-08 05:52:28-04:00
"'if you want donald trump to win, then say that': harris fires back at gaza protesters at rally",0.89,r/politics,2024-08-07 22:25:51-04:00
"harris takes 4-point lead over trump as favorability rating suddenly surges, poll finds",0.94,r/politics,2024-08-08 09:19:41-04:00
laura ingraham self-owns with botched attack on tim walz,0.97,r/politics,2024-08-08 06:57:26-04:00
harris shuts down trumpian ‘lock him up’ chants,0.92,r/politics,2024-08-07 18:50:33-04:00
j.d. vance awkwardly retreats after bizarre attempt to storm harris’ empty plane,0.96,r/politics,2024-08-07 18:42:45-04:00
kamala harris favorite to win election with bookmakers for first time,0.95,r/politics,2024-08-08 02:34:31-04:00
harris and walz seize on joyful message in contrast to darker trump themes,0.98,r/politics,2024-08-08 07:53:18-04:00
a harris presidency will give the gop time to purge trumpism,0.97,r/politics,2024-08-08 01:46:11-04:00
tim walz suddenly stops campaign rally after noticing someone needs help,0.88,r/politics,2024-08-07 16:01:54-04:00
tim walz’s net worth is less than the average american’s,0.97,r/politics,2024-08-08 11:47:32-04:00
tim walz is a first! a union member and not a lawyer,0.97,r/politics,2024-08-08 11:41:58-04:00
gop pollster frank luntz predicts kamala would win if election was held today ,0.97,r/politics,2024-08-08 11:51:05-04:00
"what it was like to be tim walz’s student in high school |
his former students say they’re excited for the rest of the world to experience the kindness and charm they got to see firsthand.",0.98,r/politics,2024-08-08 11:19:19-04:00
trump adviser stephen miller’s bizarre biden-harris ‘sex slavery’ meltdown,0.94,r/politics,2024-08-08 11:43:44-04:00
‘tampon tim’ walz is a weird meme behind a real problem,0.91,r/politics,2024-08-08 11:05:48-04:00
kamala harris aims her prosecutorial skills against the criminal trump,0.93,r/politics,2024-08-08 11:25:20-04:00
"an opposition researcher's reaction to tim walz's financial disclosure, which that showed he owned zero stocks: ""maybe personal finance isn’t one of his passions""",0.91,r/politics,2024-08-08 11:20:58-04:00
"'reagan' movie premiere invitees list includes biden, trump, harris and kennedy",0.22,r/politics,2024-08-08 11:34:52-04:00
could pete buttigieg be aiming for secretary of state if harris wins?,0.97,r/democrats,2024-08-07 22:51:39-04:00
"walz: “ trump never sat at that kitchen table like the one i grew up at, wondering how we were going to pay the bills, he sat in mar-a-lago wondering how he could cut taxes for his rich friends.” trump: “i was not always sitting at mar-a-lago, i was sitting at lots of other places.”",0.98,r/democrats,2024-08-07 16:21:32-04:00
trump left spinning by kamala harris’ surprise strength,0.98,r/democrats,2024-08-08 11:21:41-04:00
what about down ballot candidates? a kamala victory should be more than beating trump. it should be a path to getting things done.,0.99,r/democrats,2024-08-07 18:30:00-04:00
harris/walz huge lead in latest poll,0.99,r/democrats,2024-08-07 14:07:52-04:00
"kamala harris, tim walz push ar-15 ban in first joint campaign appearance",0.76,r/moderatepolitics,2024-08-08 07:34:03-04:00
kamala takes 6 point lead among likely in new marquette poll.,0.77,r/moderatepolitics,2024-08-08 07:54:32-04:00
"trump holds 2-point lead over harris with a big advantage on economy, cnbc survey shows",0.7,r/moderatepolitics,2024-08-08 10:34:07-04:00
vance jokes he's checking out his future vp plane while overlapping with harris at wisconsin airport,0.75,r/moderatepolitics,2024-08-08 10:14:31-04:00
harris responds to gaza protesters at rally: ‘i am speaking now’,0.87,r/moderatepolitics,2024-08-07 23:34:58-04:00
"despite new criticism, trump told walz in 2020 he was 'very happy' with his handling of george floyd protests",0.84,r/moderatepolitics,2024-08-07 16:38:53-04:00
"in 60-year-old tim walz, kamala harris found a partner to advocate for reproductive rights",0.57,r/moderatepolitics,2024-08-08 12:02:17-04:00
republicans start attacking walz by going after his military record,0.67,r/moderatepolitics,2024-08-07 22:01:55-04:00
i served with tim walz as a republican in the house. he'll be a good vice president,0.74,r/moderatepolitics,2024-08-07 12:28:13-04:00
donald trump leads over kamala harris among jewish voters in new york state,0.33,r/moderatepolitics,2024-08-08 12:34:05-04:00
how tim walz—kamala harris’ running mate—lost the nra’s support on guns,0.6,r/moderatepolitics,2024-08-07 09:13:43-04:00
"from joe manchin to alexandria ocasio cortez, democrats quickly close ranks around tim walz",0.89,r/moderatepolitics,2024-08-06 21:28:24-04:00
"tim walz: can't wait to debate j.d. vance, ""if he's willing to get off the couch"" -- ""see what i did there?""",0.72,r/moderatepolitics,2024-08-06 21:49:25-04:00
"harris selects minnesota gov. tim walz as running mate, aiming to add midwest muscle to ticket",0.92,r/moderatepolitics,2024-08-06 09:05:07-04:00
why kamala harris chose tim walz,0.85,r/moderatepolitics,2024-08-06 12:48:21-04:00
per press reports harris has selected walz as her running mate. what role will he play in the campaign?,0.96,r/PoliticalDiscussion,2024-08-06 09:02:05-04:00
"can the harris campaign change the ""open borders"" narrative with recent border crossing data?",0.55,r/PoliticalDiscussion,2024-08-05 22:52:50-04:00
what impact do you think a hypothetical harris endorsement from mike pence would have on voters?,0.88,r/PoliticalDiscussion,2024-08-04 22:40:48-04:00
why did harris select waltz instead of shapiro for vp?,0.44,r/PoliticalDiscussion,2024-08-06 09:05:12-04:00
"can the harris campaign change the ""open borders"" narrative with recent border crossing data?",0.57,r/PoliticalDiscussion,2024-08-05 22:52:50-04:00
trump left spinning by kamala harris’ surprise strength,0.96,r/democrats,2024-08-08 11:21:41-04:00
a harris presidency will give the gop time to purge trumpism,0.98,r/politics,2024-08-08 01:46:11-04:00
tim walz’s net worth is less than the average american’s,0.96,r/politics,2024-08-08 11:47:32-04:00
4 reasons why labor unions love tim walz,0.95,r/politics,2024-08-08 11:02:48-04:00
kamala harris aims her prosecutorial skills against the criminal trump,0.94,r/politics,2024-08-08 11:25:20-04:00
"'reagan' movie premiere invitees list includes biden, trump, harris and kennedy",0.21,r/politics,2024-08-08 11:34:52-04:00
kamala harris storms ahead in polling,0.96,r/democrats,2024-08-08 10:15:05-04:00
vance jokes he's checking out his future vp plane while overlapping with harris at wisconsin airport,0.76,r/moderatepolitics,2024-08-08 10:14:31-04:00
why is tim walz facing accusations of stolen valor?,0.46,r/moderatepolitics,2024-08-07 16:18:39-04:00
"trump holds 2-point lead over harris with a big advantage on economy, cnbc survey shows",0.71,r/moderatepolitics,2024-08-08 10:34:07-04:00
trump left spinning by kamala harris’ surprise strength,0.97,r/democrats,2024-08-08 11:21:41-04:00
tim walz suddenly stops campaign rally after noticing someone needs help,0.9,r/politics,2024-08-07 16:01:54-04:00
harris shuts down trumpian ‘lock him up’ chants,0.97,r/politics,2024-08-07 18:50:33-04:00
j.d. vance awkwardly retreats after bizarre attempt to storm harris’ empty plane,0.98,r/politics,2024-08-07 18:42:45-04:00
j.d. vance’s ‘stolen valor’ claim against tim walz is total b.s.,0.97,r/politics,2024-08-07 14:36:22-04:00
newly leaked audio exposes how trump truly feels about kamala’s v.p.: even donald trump once had good things to say about minnesota governor tim walz.,0.99,r/politics,2024-08-07 17:50:27-04:00
"republicans are struggling to paint tim walz as a villain |
the gop is scrambling to find a line of attack against kamala harris's vp pick — and it's not going well",0.96,r/politics,2024-08-07 12:29:17-04:00
gov. tim walz doesn't own a single stock,0.92,r/politics,2024-08-07 11:10:44-04:00
"kamala harris overhauls donald trump, gains 23 points: poll",0.94,r/politics,2024-08-07 15:02:22-04:00
democrats raised $41 million after kamala harris picked tim walz to be her running mate,0.98,r/politics,2024-08-07 12:58:36-04:00
harris campaign plans to deploy tim walz as her anti-maga ‘sledgehammer’,0.96,r/politics,2024-08-07 10:19:21-04:00
harris' now polls better with white people than any democratic president since jimmy carter,0.98,r/politics,2024-08-07 21:05:49-04:00
tim walz is the perfect antidote to the brainwashed fox news dads,0.98,r/politics,2024-08-07 15:37:03-04:00
kamala harris campaign mocks donald trump on his own social media platform,0.98,r/politics,2024-08-07 16:53:53-04:00
"voters like tim walz a lot more than jd vance, new poll suggests",0.98,r/politics,2024-08-07 12:15:00-04:00
j.d. vance crashes and burns trying to defend his kamala conspiracy,0.98,r/politics,2024-08-07 15:25:36-04:00
trump’s meltdown during harris-walz rally sounds alarm: will family get him help or just ‘cash his checks?’,0.88,r/politics,2024-08-07 06:21:53-04:00
harris takes 3-point lead over trump as she gains on key issues: poll,0.96,r/politics,2024-08-07 09:07:45-04:00
"i served with tim walz as a republican in the house. he'll be a good vice president | more than ever, america needs a normal guy like tim walz to help lead our nation and bring us together",0.97,r/politics,2024-08-07 09:45:34-04:00
"'if you want donald trump to win, then say that': harris fires back at gaza protesters at rally",0.8,r/politics,2024-08-07 22:25:51-04:00
"tim walz, who spent decades as an enlisted soldier, brings years of work on vets issues to dem ticket",0.99,r/politics,2024-08-07 21:39:01-04:00
audio shows trump praised walz in 2020 for handling of riots after george floyd's death,0.97,r/politics,2024-08-07 22:26:16-04:00
minnesota court upholds walz-backed law restoring felons' right to vote,1.0,r/politics,2024-08-07 21:33:04-04:00
"walz: “ trump never sat at that kitchen table like the one i grew up at, wondering how we were going to pay the bills, he sat in mar-a-lago wondering how he could cut taxes for his rich friends.” trump: “i was not always sitting at mar-a-lago, i was sitting at lots of other places.”",0.99,r/democrats,2024-08-07 16:21:32-04:00
what about down ballot candidates? a kamala victory should be more than beating trump. it should be a path to getting things done.,1.0,r/democrats,2024-08-07 18:30:00-04:00
don't you think like walz might finally fix america's education problem?,0.97,r/democrats,2024-08-07 15:34:54-04:00
any of walz’s former student out there?,0.98,r/democrats,2024-08-07 10:49:37-04:00
harris campaign raises $36m in 24 hours after walz pick,0.99,r/democrats,2024-08-07 17:27:47-04:00
mormons are organizing for harris — and they could swing the 2024 election,0.99,r/democrats,2024-08-07 10:22:37-04:00
"harris/walz rally in eau claire, wi. this is what democracy looks like!",0.99,r/democrats,2024-08-07 15:11:10-04:00
opinion | democrats have needed someone like tim walz for decades (gift article),0.99,r/democrats,2024-08-07 07:53:35-04:00
"despite new criticism, trump told walz in 2020 he was 'very happy' with his handling of george floyd protests",1.0,r/democrats,2024-08-07 16:39:33-04:00
even tim walz seems kind of shocked by how excited democrats are,0.97,r/democrats,2024-08-07 16:15:47-04:00
kamala and team bring in the people ,0.93,r/democrats,2024-08-06 17:57:40-04:00
how tim walz—kamala harris’ running mate—lost the nra’s support on guns,0.61,r/moderatepolitics,2024-08-07 09:13:43-04:00
"harris selects minnesota gov. tim walz as running mate, aiming to add midwest muscle to ticket",0.93,r/moderatepolitics,2024-08-06 09:05:07-04:00
republicans start attacking walz by going after his military record,0.48,r/moderatepolitics,2024-08-07 22:01:55-04:00
why is tim walz facing accusations of stolen valor?,0.45,r/moderatepolitics,2024-08-07 16:18:39-04:00
yougov/umass poll: harris +3 a 7 point swing from january ,0.76,r/moderatepolitics,2024-08-05 12:00:46-04:00
republicans start attacking walz by going after his military record,0.49,r/moderatepolitics,2024-08-07 22:01:55-04:00
"do you think kamala harris will underperform or overperform the polling this election cycle?
",0.82,r/PoliticalDiscussion,2024-08-04 13:33:42-04:00
why did harris select waltz instead of shapiro for vp?,0.45,r/PoliticalDiscussion,2024-08-06 09:05:12-04:00
walz 101 from a minnesotan,1.0,r/democrats,2024-08-07 21:56:56-04:00
"quick question: i want to cast my vote for the harris ticket, but i live part time in two states — west virginia and nc. ",0.75,r/democrats,2024-08-07 21:34:51-04:00
"'if you want donald trump to win, then say that': harris fires back at gaza protesters at rally",0.79,r/politics,2024-08-07 22:25:51-04:00
j.d. vance accuses 24-year army veteran tim walz of ‘stolen valor’,0.91,r/politics,2024-08-07 21:29:43-04:00
even tim walz seems kind of shocked by how excited democrats are,0.98,r/democrats,2024-08-07 16:15:47-04:00
republicans start attacking walz by going after his military record,0.5,r/moderatepolitics,2024-08-07 22:01:55-04:00
why is tim walz facing accusations of stolen valor?,0.44,r/moderatepolitics,2024-08-07 16:18:39-04:00
"can the harris campaign change the ""open borders"" narrative with recent border crossing data?",0.58,r/PoliticalDiscussion,2024-08-05 22:52:50-04:00
"can the harris campaign change the ""open borders"" narrative with recent border crossing data?",0.53,r/PoliticalDiscussion,2024-08-05 22:52:50-04:00
"quick question: i want to cast my vote for the harris ticket, but i live part time in two states — west virginia and nc. ",0.7,r/democrats,2024-08-07 21:34:51-04:00
harris-walz campaign says it raised $36 million in first 24 hours after running mate revealed,0.98,r/politics,2024-08-07 20:26:20-04:00
'i'm speaking!' harris says to protesters at her campaign rally,0.75,r/politics,2024-08-07 20:49:06-04:00
tim walz charms wisconsin crowd with his midwest dad vibes,0.96,r/politics,2024-08-07 20:34:27-04:00
harris leads trump in yougov poll for second week in a row,1.0,r/politics,2024-08-07 20:47:14-04:00
trump in 2020 praised tim walz’s handling of george floyd protests,0.98,r/politics,2024-08-07 19:50:59-04:00
trump picks a nickname for harris that no one seems to understand,0.87,r/politics,2024-08-07 20:45:22-04:00
minnesota’s jews celebrate as their ‘mensch’ gov. tim walz enters the national spotlight,0.89,r/politics,2024-08-07 19:59:07-04:00
trump complains about campaign as advisers try to focus on attacking harris,0.92,r/politics,2024-08-07 20:11:32-04:00
jd vance mocked for 'kamala chaos' stage gaffe in philly rally,0.96,r/politics,2024-08-07 20:00:46-04:00
tim walz suddenly stops campaign rally after noticing someone needs help,0.92,r/politics,2024-08-07 16:01:54-04:00
